ordering,octant,Ue1,Ue2,Ue3,m1_rep,m2_rep,m3_rep,sum_mnu_rep,m_beta_rep,mbb_min,mbb_max,mbb_68_lo,mbb_68_hi,mbb_95_lo,mbb_95_hi,NPHASE,seed_phase
NO,low_octant,0.825525,0.544296,0.149164,0.030459168328750178,0.031666889740108874,0.05854532918786565,0.1206713872567247,0.03171134245836954,0.010073631399234824,0.031441838726858545,0.013437472575779865,0.029058583307867293,0.010809113230172484,0.031011002326041502,300000,20260111
NO,high_octant,0.825618,0.544357,0.148425,0.030456470753291814,0.03166430962737274,0.05854432728120438,0.12066510766186894,0.031700181385362486,0.010087869969845172,0.03143311032473058,0.013439421350316713,0.029076419437329703,0.010827612848040418,0.030999608985813748,300000,20260111
