ordering,octant,Ue1,Ue2,Ue3,m1_rep,m2_rep,m3_rep,sum_mnu_rep,m_beta_rep,mbb_min,mbb_max,mbb_68_lo,mbb_68_hi,mbb_95_lo,mbb_95_hi,NPHASE,seed_phase
IO,low_octant,0.825525,0.544296,0.149164,0.057901115092717156,0.05854532918786565,0.030459168328750178,0.146905612609333,0.05762647668858411,0.021437067060835143,0.05748133962717895,0.025651830732889118,0.055249847146373,0.022099622360662454,0.05705870323647939,300000,20260111
IO,high_octant,0.825618,0.544357,0.148425,0.057900095119766494,0.05854432728120438,0.030456470753291814,0.1469008931542627,0.05763011633982103,0.021448243044254408,0.057486357493565954,0.025680834056564912,0.05529750710822545,0.02212235902436304,0.05706313986072737,300000,20260111
